[
    {
        "id":"3m",
        "name":"Aegean",
        "temperament":"affectionate",
        "origin":"greek",
        "image":"c2.jpg"
    },
    {
        "id":"4m",
        "name":"Aegian",
        "temperament":"Social",
        "origin":"greek",
        "image":"c3.jpg"
    },
    {
        "id":"5m",
        "name":"Arial",
        "temperament":"Intelligent",
        "origin":"greek",
        "image":"c4.jpg"
    },
    {
        "id":"6m",
        "name":"Amana",
        "temperament":"playful",
        "origin":"greek",
        "image":"c5.jpg"
    },
    {
        "id":"7m",
        "name":"Amalda",
        "temperament":"active",
        "origin":"greek",
        "image":"c5.jpg"

    }
]